file,n_records,sla_rate,avg_embb_bw,avg_urllc_bw,avg_mmtc_bw,traffic_dist
book1.xlsx,524288,99.99472300211588,4.621958,49.17951,46.198536,"{'eMBB': 271709, 'mMTC': 162205, 'URLLC': 90084, 'Mixed': 290}"
book2.xlsx,524288,99.99192555745444,4.6405377,48.39746,46.961994,"{'eMBB': 267555, 'mMTC': 160435, 'URLLC': 95853, 'Mixed': 445}"
book3.xlsx,524288,99.99345143636069,4.6350408,45.543934,49.821026,"{'eMBB': 275599, 'mMTC': 158661, 'URLLC': 89703, 'Mixed': 325}"
book4.xlsx,524288,99.99491373697916,4.6450877,48.779236,46.575672,"{'eMBB': 273413, 'mMTC': 161507, 'URLLC': 89000, 'Mixed': 368}"
book5.xlsx,524288,99.99580383300781,4.6402664,51.198135,44.161613,"{'eMBB': 268832, 'mMTC': 163252, 'URLLC': 91690, 'Mixed': 514}"
book6.xlsx,524288,99.99593098958334,4.5863085,53.91972,41.493977,"{'eMBB': 280193, 'mMTC': 164426, 'URLLC': 79535, 'Mixed': 134}"
book7.xlsx,524288,99.9914805094401,4.5723233,55.131714,40.29596,"{'eMBB': 282680, 'mMTC': 162846, 'URLLC': 78731, 'Mixed': 31}"
